{
    "accuracy": [
        0.0,
        0.3333333432674408,
        0.3333333432674408,
        0.3333333432674408,
        0.3333333432674408,
        0.3333333432674408,
        0.3333333432674408,
        0.3333333432674408,
        0.3333333432674408,
        0.3333333432674408,
        0.3333333432674408,
        0.3333333432674408,
        0.3333333432674408,
        0.3333333432674408,
        0.3333333432674408,
        0.3333333432674408,
        0.3333333432674408,
        0.3333333432674408,
        0.3333333432674408,
        0.3333333432674408,
        0.3333333432674408,
        0.3333333432674408,
        0.3333333432674408,
        0.3333333432674408,
        0.6666666865348816,
        0.6666666865348816,
        0.6666666865348816,
        0.6666666865348816,
        0.6666666865348816,
        0.6666666865348816,
        0.6666666865348816,
        0.6666666865348816,
        0.6666666865348816,
        0.6666666865348816,
        0.6666666865348816,
        0.6666666865348816,
        0.6666666865348816,
        0.6666666865348816,
        0.6666666865348816,
        0.6666666865348816,
        0.6666666865348816,
        0.6666666865348816,
        0.6666666865348816,
        0.6666666865348816,
        0.6666666865348816,
        0.6666666865348816,
        0.6666666865348816,
        0.6666666865348816,
        0.6666666865348816,
        0.6666666865348816
    ],
    "loss": [
        0.7576022148132324,
        0.7540316581726074,
        0.7503013014793396,
        0.7491248250007629,
        0.7459642291069031,
        0.7427847385406494,
        0.7387773394584656,
        0.7370291352272034,
        0.7331163287162781,
        0.7297703623771667,
        0.7281854152679443,
        0.7261849045753479,
        0.7223479151725769,
        0.7205732464790344,
        0.7170130610466003,
        0.7152929902076721,
        0.7127156853675842,
        0.7100407481193542,
        0.707425594329834,
        0.7047481536865234,
        0.7022492289543152,
        0.6992524266242981,
        0.6969225406646729,
        0.6952279210090637,
        0.6919078230857849,
        0.6904502511024475,
        0.6865642070770264,
        0.6845086216926575,
        0.6836066842079163,
        0.6804938316345215,
        0.6779653429985046,
        0.6763808131217957,
        0.6738936305046082,
        0.6709534525871277,
        0.6693198084831238,
        0.6661348342895508,
        0.6646371483802795,
        0.6623744964599609,
        0.6594234108924866,
        0.6566155552864075,
        0.655269205570221,
        0.6535648703575134,
        0.6500539183616638,
        0.6479933857917786,
        0.6472339630126953,
        0.6449351906776428,
        0.6425827145576477,
        0.6395801901817322,
        0.6375300884246826,
        0.6349368691444397
    ]
}